Book,ISBN
Taming Your Gremlin: A Surprisingly Simple Method for Getting Out of Your Own Way - Rick Carson,9780061977862
100 Ways to Motivate Yourself: Change Your Life Forever - Steve Chandler,9781564147752
The Science of Success: The Secret to Getting What You Want - Wallace D. Wattles,9780760796610
If Truth Be Told: A Monk's Memoir - Om Swami,9789351368076
Ask And It Is Given (Part I): The Laws Of Attraction - Esther Hicks,9781401950040
"Reichian Therapy: The Technique, for Home Use - Jack Willis",9781442137806
Finding Your Zone: Ten Core Lessons for Achieving Peak Performance in Sports and Life - Michael Lardon,9781440631627
Thresholds of the Mind - Bill Harris,9780972178013
Adversity Quotient: Turning Obstacles into Opportunities - Paul G. Stoltz,9780471344131
Radical Honesty : How to Transform Your Life by Telling the Truth - Brad Blanton,9780963092120
Shadow Dance: Liberating the Power & Creativity of Your Dark Side - David Richo,9781645472629
Wooden on Leadership: How to Create a Winning Organization - John Wooden,9780071467100
Do You!: 12 Laws to Access the Power in You to Achieve Happiness and Success - Russell Simmons,9781101216941
Ask and It Is Given: Learning to Manifest Your Desires - Esther Hicks,9781458730527
"Thick Face, Black Heart : The Asian Path to Thriving, Winning and Succeeding - Chu Chin-Ning",9781857889352
"The Power of Full Engagement: Managing Energy, Not Time, Is the Key to High Performance and Personal Renewal - Jim Loehr",9780743226752
100 Ways To Motivate Others: How Great Leaders Can Produce Insane Results Without Driving People Crazy - Steve Chandler,9781564147714
The Seven Spiritual Laws of Success: A Practical Guide to the Fulfillment of Your Dreams - Deepak Chopra,9781934408124
So Good They Can't Ignore You: Why Skills Trump Passion in the Quest for Work You Love - Cal Newport,9780349415871
The Big Leap: Conquer Your Hidden Fear and Take Life to the Next Level - Gay Hendricks,9780061872785
Our Inner Ape: A Leading Primatologist Explains Why We Are Who We Are - Frans de Waal,9781101217382
"Good Business: Leadership, Flow, and the Making of Meaning - Mihály Csíkszentmihályi",9781101127001
Talent is Overrated: What Really Separates World-Class Performers from Everybody Else - Geoff Colvin,9781101079003
Loving What Is: Four Questions That Can Change Your Life - Byron Katie,9781407026176
The Success Principles: How to Get from Where You Are to Where You Want to Be - Jack Canfield,9780063391048
Mastery: The Keys to Success and Long-Term Fulfillment - George Leonard,9781101666609
"The Ultra Mind Solution: Automatically Boost Your Brain Power, Improve Your Mood and Optimize Your Memory - Mark Hyman",9781416549710
Six Pillars of Self-Esteem - Nathaniel Branden,9780553374391
The Road Less Traveled & Beyond: Spiritual Growth in an Age of Anxiety - M. Scott Peck,9781448116171
Flow: The Psychology of Optimal Experience - Mihály Csíkszentmihályi,9780061876721
Toward a Psychology of Being - Abraham H. Maslow,9798880923922
A New Guide to Rational Living - Albert Ellis,9780879800420
Quiet: The Power of Introverts in a World That Can't Stop Talking - Susan Cain,9780141970172
The Science of Being Great: The Practical Guide to a Life of Power - Wallace D. Wattles,9781775411758
The Happiness Hypothesis: Finding Modern Truth in Ancient Wisdom - Jonathan Haidt,9781448166688
The Hero With a Thousand Faces - Joseph Campbell,9781577315933
"The Talent Code: Unlocking the Secret of Skill in Sports, Art, Music, Math, and Just About Everything Else - Daniel Coyle",9781847945105
Influence: The Psychology of Persuasion - Robert B. Cialdini,9780062937650
The 7 Habits of Highly Effective Teens: The Ultimate Teenage Success Guide - Sean Covey,9780857206473
"The Sedona Method: Your Key to Lasting Happiness, Success, Peace and Emotional Well-Being - Hale Dwoskin",9780983413424
How to Have Confidence and Power in Dealing with People - Les Giblin,9781101659243
"The Road Less Traveled: A New Psychology of Love, Traditional Values and Spiritual Growth - M. Scott Peck",9780743238250
The Science of Getting Rich - Wallace D. Wattles,9781594772092
Thought Vibration: or the Law of Attraction in the Thought World - William Walker Atkinson,9781731207371
The Art of Loving - Erich Fromm,9781480402003
The Wheel of Time: The Shamans of Mexico Their Thoughts About Life Death & the Universe - Carlos Castaneda,9781439186732
The One Thing: The Surprisingly Simple Truth Behind Extraordinary Results - Gary Keller,9781690405535
Deep Work: Rules for Focused Success in a Distracted World - Cal Newport,9780349411910
Learned Optimism: How to Change Your Mind and Your Life - Martin E.P. Seligman,9781473684324
Authentic Happiness: Using the New Positive Psychology to Realize Your Potential for Lasting Fulfillment - Martin E.P. Seligman,9781857884135
Meditations - Marcus Aurelius,9781853264863
"Get Clients Now!: A 28-Day Marketing Program for Professionals, Consultants, and Coaches - C.J. Hayden",9780814432464
"One Robe, One Bowl: The Zen Poetry of Ryōkan - Ryōkan",9780834824966
Breakthrough Rapid Reading - Peter Kump,9781440672798
A Symphony in the Brain: The Evolution of the New Brain Wave Biofeedback - Jim Robbins,9780802191533
Dewdrops on a Lotus Leaf: Zen Poems of Ryokan - Ryōkan,9781590301081
The Elements of Style - William Strunk Jr.,9798594871540
Phantoms in the Brain: Probing the Mysteries of the Human Mind - V.S. Ramachandran,9780688172176
Kundalini Exposed: Disclosing the Cosmic Mystery of Kundalini. The Ultimate Guide to Kundalini Yoga & Kundalini Awakening [Expanded Edition] (Real Yoga Book 3) - SantataGamana,9798836626136
The Secret Power Of Kriya Yoga: Revealing the Fastest Path to Enlightenment. How Fusing Bhakti Yoga & Jnana Yoga into Kriya Yoga will Unleash the most Powerful Yoga Ever (Real Yoga Book 2) - SantataGamana,9781981122639
Kriya Yoga Exposed: The Truth about Kriya Yoga Gurus and Organizations. Going beyond Kriya Yoga into Nonduality. (Real Yoga Book 1) - SantataGamana,9781976492150
A Million Thoughts - Om Swami,9788184959451
Gallery of the Infinite - Richard Evan Schwartz,9781470425579
Who Rules the World? (American Empire Project) - Noam Chomsky,9780241972588
The Tao of Systems Thinking: Exploring the Parallels Between Eastern Mysticism and Systems Thinking - Michael McCurley,9781315307138
"God's Handbook for Operating Human Vehicles: A No Nonsense, No Strings Attached Approach to Universal Being: Fractal Art Edition, 2012 (The Entheogenic Evolution) - Martin W. Ball",9781478393405
More Than Allegory - Bernardo Kastrup,9781785352881
Undeniable: How Biology Confirms Our Intuition That Life Is Designed - Douglas Axe,9780062349606
"The Big Picture: On the Origins of Life, Meaning, and the Universe Itself - Sean Carroll",9780698409767
Hidden Dangers of Meditation and Yoga: How to Play with Your Sacred Fires Safely - Master Del Pe,9780971767638
Enlightenment Through the Path of Kundalini: A Guide to a Positive Spiritual Awakening and Overcoming Kundalini Syndrome - Tara Springett,9783732388165
Who Am I? Meditation: A Guide for the West to Self-Inquiry and Self-Realization in the Living Tradition of Sri Ramana Maharshi - Ramaji,9781502794925
Evolution 2.0: Breaking the Deadlock Between Darwin and Design - Perry Marshall,9781940363905
Nondual Perspectives on Quantum Physics: A Guide to the Yoga of Knowledge - Tomaj Javidtash,9781500805630
Mother Teresa: A Life Inspired - Wyatt North,9781622784813
Being Infinite: An Entheogenic Odyssey into the Limitless Eternal: A Memoir from Ayahuasca to Zen (The Entheogenic Evolution Book 5) - Martin W. Ball,9781500108342
"Why Materialism Is Baloney: How True Skeptics Know There is no Death and Fathom Answers to Life, the Universe and Everything - Bernardo Kastrup",9781782793625
The Power of Your Supermind - Vernon Howard,9780136867180
Neti-Neti Meditation - Andre Doshim Halaw,9781494204631
Kriya Secrets Revealed - J.C. Stevens,9781479109517
The Everything Store: Jeff Bezos and the Age of Amazon - Brad Stone,9780316219259
The Real North Korea: Life and Politics in the Failed Stalinist Utopia - Andrei Lankov,9780199390038
"Supernormal: Science, Yoga and the Evidence for Extraordinary Psychic Abilities - Dean Radin",9780307986917
The Immune System Recovery Plan: A Doctor's 4-Step Program to Treat Autoimmune Disease - Susan Blum,9781409179481
Cave and Cosmos: Shamanic Encounters with Another Reality - Michael Harner,9781583945643
Salt Sugar Fat: How the Food Giants Hooked Us - Michael Moss,9781448133871
Rich Food Poor Food: Your Grocery Purchasing System - Jayson Calton,9781642791457
The Pumpkin Plan: A Simple Strategy to Grow a Remarkable Business in Any Field (Entrepreneurship Simplified) - Mike Michalowicz,9781101572313
The Science Delusion: Freeing the Spirit of Enquiry - Rupert Sheldrake,9781444727951
"Co-Active Coaching: Changing Business, Transforming Lives - Laura Whitworth",9781473691131
The Entheological Paradigm: Essays on the DMT and 5-MeO-DMT Experience and the Meaning of it All - Martin W. Ball,9780578080802
"Menti tribali. Perché le brave persone di dividono su politica e religione - Jonathan Haidt  (Note: This appears to be the Italian title for ""The Righteous Mind: Why Good People Are Divided by Politics and Religion"")",9788875789701
A First-Rate Madness: Uncovering the Links Between Leadership and Mental Illness - S. Nassir Ghaemi,9781101517598
The Believing Brain: From Ghosts and Gods to Politics and Conspiracies How We Construct Beliefs and Reinforce Them as Truths - Michael Shermer,9781429972611
The Narrow Road: A Brief Guide to the Getting of Money - Felix Dennis,9781101476420
Sex at Dawn: The Prehistoric Origins of Modern Sexuality - Christopher Ryan,9781922310316
"Being Human: An Entheological Guide to God, Evolution and the Fractal Energetic Nature of Reality - Martin W. Ball",9780615328034
Linchpin: Are You Indispensable? - Seth Godin,9781101196311
The Primal Blueprint (Primal Blueprint Series) - Mark Sisson,9781448148400
"Spent: Sex, Evolution, and Consumer Behavior - Geoffrey Miller",9780143117230
Biocentrism: How Life and Consciousness Are the Keys to Understanding the True Nature of the Universe - Robert Lanza,9781935251743
Tryptamine Palace: 5-MeO-DMT and the Sonoran Desert Toad - James Oroc,9781594779923
Mastering the Core Teachings of the Buddha: An Unusually Hardcore Dharma Book - Daniel M. Ingram,9781904658405
How We Decide - Jonah Lehrer,9780618620111
Thinking In Systems: A Primer - Donella H. Meadows,9781603581486
Tribes: We Need You to Lead Us - Seth Godin,9780748129256
Derrida for Beginners - James N. Powell,9781939994059
Man’s Search for Meaning - Viktor E. Frankl,9788171082117
"Rich Dad, Poor Dad - Robert T. Kiyosaki",9780759521438
Born Standing Up: A Comic's Life - Steve Martin,9781847395849
Coaching Questions: A Coach's Guide to Powerful Asking Skills - Tony Stoltzfus,9780979416361
"My Big TOE - Awakening, Discovey, Inner Workings : The Complete Trilogy Unifying Philosophy, Physics, and Metaphysics - Thomas Campbell",9780972509473
The Shock Doctrine: The Rise of Disaster Capitalism - Naomi Klein,9781429919487
I Am a Strange Loop - Douglas R. Hofstadter,9780465030798
Wholeness and the Implicate Order - David Bohm,9781134438730
The Language Instinct: How the Mind Creates Language - Steven Pinker,9780062032522
Spiritual Warfare (The Enlightenment Trilogy #3) - Jed McKenna,9781257634958
The Road to Eleusis: Unveiling the Secret of the Mysteries - R. Gordon Wasson,9781623177768
It's Not About the Money: Unlock Your Money Type to Achieve Spiritual and Financial Abundance - Brent Kessel,9780345520234
"Mistakes Were Made (But Not by Me): Why We Justify Foolish Beliefs, Bad Decisions, and Hurtful Acts - Carol Tavris",9780156033909
"Guns, Germs, and Steel: The Fates of Human Societies - Jared Diamond",9780393069228
Autobiography of a Yogi - Paramahansa Yogananda,9783986770105
The Teachings of Don Juan: A Yaqui Way of Knowledge - Carlos Castaneda,9780671600419
The 4-Hour Workweek - Timothy Ferriss,9781446490594
The Holographic Universe - Michael Talbot,9782896264513
How To Get Rich - Felix Dennis,9781440632464
Energy Leadership: Transforming Your Workplace and Your Life from the Core - Bruce D. Schneider,9781118039373
The Structure of Scientific Revolutions - Thomas S. Kuhn,9780226458144
The Selfish Gene - Richard Dawkins,9780198788607
Gandhi: An Autobiography - Mahatma Gandhi,9781539670308
Hard Drive: Bill Gates and the Making of the Microsoft Empire - James Wallace,9781604537970
A Separate Reality: Further Conversations with Don Juan - Carlos Castaneda,9780671732493
A Treatise Concerning the Principles of Human Knowledge - George Berkeley,9780486432533
Kybalion: A Study of the Hermetic Philosophy of Ancient Egypt and Greece - Three Initiates,9783986478926
The Wrong Way Home: Uncovering the Patterns of Cult Behavior in American Society - Arthur J. Deikman,9781135398910
The Red Queen: Sex and the Evolution of Human Nature - Matt Ridley,9780141965451
Collision With the Infinite: A Life Beyond the Personal Self - Suzanne Segal,9781884997273
Made in Japan: Akio Morita and Sony - Akio Morita,9780452259874
"Gödel, Escher, Bach: An Eternal Golden Braid - Douglas R. Hofstadter",9780465026562
The 5 Love Languages: The Secret to Love that Lasts - Gary Chapman,9780802492401
He's Just Not That Into You: The No-Excuses Truth to Understanding Guys - Greg Behrendt,9781416905783
Nonzero: The Logic of Human Destiny - Robert Wright,9780679758945
Outlines of Scepticism - Sextus Empiricus,9780521778091
Journey to Ixtlan: The Lessons of Don Juan - Carlos Castaneda,9780671732462
Into Africa: The Epic Adventures of Stanley & Livingstone - Martin Dugard,9781446437209
To Infinity and Beyond: A Cultural History of the Infinite - Eli Maor,9780691025117
Deep Simplicity: Bringing Order to Chaos and Complexity - John Gribbin,9781400062560
The Marathon Monks of Mount Hiei - John Stevens,9781626541498
"The Business and Practice of Coaching: Finding Your Niche, Making Money, & Attracting Ideal Clients - Wendy Allen",9780393709834
Journeys Out of the Body: The Classic Work on Out-Of-Body Experience - Robert A. Monroe,9780804153881
The Book of Understanding: Creating Your Own Path to Freedom - Osho,9780307341860
"Zen Body-Being: An Enlightened Approach to Physical Skill, Grace, and Power - Peter Ralston",9781583944325
"""Surely You're Joking, Mr. Feynman!"": Adventures of a Curious Character - Richard P. Feynman",9780393339857
The Dip: A Little Book That Teaches You When to Quit (and When to Stick) - Seth Godin,9781101216347
An Enquiry Concerning Human Understanding - David Hume,9781551118024
"Spiral Dynamics: Mastering Values, Leadership and Change - Don Edward Beck",9781118779156
Thought as a System - David Bohm,9781134836475
"Sperm Wars: Infidelity, Sexual Conflict, and Other Bedroom Battles - Robin Baker",9780465012961
Saddam : The Secret Life - Con Couglin,9780330457569
Quantum Questions: Mystical Writings of the World's Greatest Physicists - Ken Wilber,9780834822832
Over the Edge of the World: Magellan's Terrifying Circumnavigation of the Globe - Laurence Bergreen,9780007198559
Purple Cow: Transform Your Business by Being Remarkable - Seth Godin,9781101184554
Spiritually Incorrect Enlightenment - Jed McKenna,9780980184853
Walt Disney: The Triumph of the American Imagination - Neal Gabler,9780307265968
Arnold: The Education of a Bodybuilder - Arnold Schwarzenegger,9780671790417
"Science, Order and Creativity - David Bohm",9780415171823
"The Way of the Superior Man: A Spiritual Guide to Mastering the Challenges of Women, Work, and Sexual Desire - David Deida",9781427086686
"Men Are from Mars, Women Are from Venus - John Gray",9780061793363
The Yoga Sutras of Pantanjali - Satchidananda,9781938477089
"Labyrinths of Reason: Paradox, Puzzles and the Frailty of Knowledge - William Poundstone",9780307763792
Food of the Gods: The Search for the Original Tree of Knowledge - Terence McKenna,9781407061283
The Five Love Languages of Teenagers - Gary Chapman,9780802482839
Theory and Reality: An Introduction to the Philosophy of Science (Science and Its Conceptual Foundations series) - Peter Godfrey-Smith,9780226300610
The Essential Difference: Male And Female Brains And The Truth About Autism - Simon Baron-Cohen,9781458759276
Truth vs. Falsehood: How to Tell the Difference - David R. Hawkins,9781401945480
The Blank Slate: The Modern Denial of Human Nature - Steven Pinker,9781101200322
The Five Love Languages of Children - Gary Chapman,9780802479594
The Seven Principles for Making Marriage Work: A Practical Guide from the Country's Foremost Relationship Expert - John M. Gottman,9781101902912
Just Six Numbers: The Deep Forces That Shape the Universe - Martin J. Rees,9780786723584
The Game: Penetrating the Secret Society of Pickup Artists - Neil Strauss,9781847673541
The Genius of Being: Contemplating the Profound Intelligence of Existence - Peter Ralston,9781623171131
No-Mind: Realizing Your True Nature - Andre Doshim Halaw,9781508924463
Pursuing Consciousness: The Book of Enlightenment and Transformation - Peter Ralston,9781583948736
God is Nothingness: Awakening to Absolute Non-being - Andre Doshim Halaw,9781499637106
1000: The Levels of Consciousness and a Map of the Stages of Awakening for Spiritual Seekers and Teachers - Ramaji,9781077121751
The Book of Undoing - Fred Davis,9781484015629
Waking Up: A Guide to Spirituality Without Religion - Sam Harris,9781451636017
Jed McKenna's Theory of Everything - Jed McKenna,9781300887416
"Tantra Illuminated: The Philosophy, History, and Practice of a Timeless Tradition - Christopher D. Wallis",9780989761369
"The Book of Not Knowing: Exploring the True Nature of Self, Mind, and Consciousness - Peter Ralston",9781583942970
That Is That: Essays About True Nature - Nirmala,9781453759738
Be Love Now: The Path of the Heart - Ram Dass,9780061961380
Where Good Ideas Come From: The Natural History of Innovation - Steven Johnson,9781101444207
The Enlightenment Intensive: Dyad Communication as a Tool for Self-Realization - Lawrence Noyes,9781883319731
How to Think Like Leonardo da Vinci: Seven Steps to Genius Every Day - Michael J. Gelb,9780307573520
The Psychology of Man's Possible Evolution - P.D. Ouspensky,9781465505873
The End of Your World: Uncensored Straight Talk on the Nature of Enlightenment - Adyashanti,9781442955530
Presence: The Inherence of the Prototype within Images and Other Objects (Histories of Vision) - Robert Maniura,9781351553339
Creative Visualization: Use the Power of Your Imagination to Create What You Want in Your Life - Shakti Gawain,9781577312291
Creative Visualization Meditations (New World Library Audio) - Shakti Gawain,9781577312291
"Conquest of Mind: Take Charge of Your Thoughts and Reshape Your Life Through Meditation (Essential Easwaran Library, 3) - Eknath Easwaran",9781586380052
I Am That I Am: A Tribute to Sri Nisargadatta Maharaj - Stephen H. Wolinsky,9788178222622
Lectures On The Ten Oxherding Pictures - Yamada Mumon Roshi,9780824828936
The Book of Secrets (Complete) - Osho,9780880507707
Nonduality: A Study in Comparative Philosophy - David R. Loy,9781616140571
Way of the Peaceful Warrior: A Book That Changes Lives - Dan Millman,9781442973626
The War of Art - Steven Pressfield,9781945272615
Sparks of Genius: The Thirteen Thinking Tools of the World's Most Creative People - Michele Root-Bernstein,9780547525891
No Boundary: Eastern and Western Approaches to Personal Growth - Ken Wilber,9780834822689
Be As You Are - Ramana Maharshi,9780140190625
The Ultimate Medicine: Dialogues with a Realized Master - Sri Nisargadatta Maharaj,9781583944301
I Am That: Talks with Sri Nisargadatta Maharaj - Nisargadatta Maharaj,9780893860479
Art and Fear - David Bayles,9781800815988
Mind Power into the 21st Century: Techniques to Harness the Astounding Powers of Thought - John Kehoe,9788120727830
"Integral Psychology: Consciousness, Spirit, Psychology, Therapy - Ken Wilber",9781570625541
Integral Spirituality - Ken Wilber,9780834822443
"A Course in Miracles: Combined Volume - Volume I : Text, Volume II: Workbook for Students, Volume III: Manual for Teachers - Foundation for Inner Peace",9798895536421
Spiritual Enlightenment: The Damnedest Thing - Jed McKenna,9780980184822
Return to the One: Plotinus's Guide to God-Realization - Brian Hines,9781588321008
Winning Through Intimidation - Robert J. Ringer,9782511018705
"The Religion of Tomorrow: A Vision for the Future of the Great Traditions-More Inclusive, More Comprehensive, More Complete - Ken Wilber",9780834840744
A Guide to the Good Life: The Ancient Art of Stoic Joy - William B. Irvine,9780195374612
Mutant Message Down Under - Marlo Morgan,9780061749988
"The Celestine Prophecy (Celestine Prophecy, #1) - James Redfield",9780446545556
A New Earth: Awakening to Your Life's Purpose - Eckhart Tolle,9780718148102
Managing Oneself (Harvard Business Review Classics) - Peter F. Drucker,9781633691018
Feel the Fear and Do It Anyway - Susan Jeffers,9780712608831
The Path of Least Resistance for Managers: Designing Organizations to Succeed - Robert Fritz,9781576750650
Born to Win: Transactional Analysis with Gestalt Experiments - Muriel James,9780201033199
The Four Agreements: A Practical Guide to Personal Freedom - Miguel Ruiz,9781934408650
Don't Sweat the Small Stuff ... and It's All Small Stuff: Simple Ways to Keep the Little Things From Taking Over Your Life - Richard Carlson,9780786870080
"The 150 Healthiest Foods on Earth: The Surprising, Unbiased Truth About What You Should Eat and Why - Jonny Bowden",9781592338108
Orbiting the Giant Hairball: A Corporate Fool's Guide to Surviving with Grace - Gordon MacKenzie,9780670879830
Getting Things Done: The Art of Stress-Free Productivity - David Allen,9780698161863
The Inner Game of Tennis: The Classic Guide to the Mental Side of Peak Performance - W. Timothy Gallwey,9780307758859
The Charisma Myth: How Anyone Can Master the Art and Science of Personal Magnetism - Olivia Fox Cabane,9780670922871
The Path of Least Resistance: Learning to Become the Creative Force in Your Own Life - Robert Fritz,9781483103686
The Seven Levels of Intimacy: The Art of Loving and the Joy of Being Loved - Matthew Kelly,9780743265126
The How of Happiness: A Scientific Approach to Getting the Life You Want - Sonja Lyubomirsky,9781594201486
Psycho-Cybernetics: A New Way to Get More Living Out of Life - Maxwell Maltz,9781800812932
The 80/20 Principle: The Secret to Achieving More with Less - Richard Koch,9780385528313
Think and Grow Rich - Napoleon Hill,9781625580757
The Alchemist - Paulo Coelho,9780061741241
The 7 Habits of Highly Effective People: Powerful Lessons in Personal Change - Stephen R. Covey,9781476740058
